                  epoch,         train/box_loss,         train/cls_loss,         train/dfl_loss,   metrics/precision(B),      metrics/recall(B),       metrics/mAP50(B),    metrics/mAP50-95(B),           val/box_loss,           val/cls_loss,           val/dfl_loss,                 lr/pg0,                 lr/pg1,                 lr/pg2
                      1,                 1.4237,                 3.1396,                 1.2777,                0.98972,                0.18371,                0.51341,                0.33106,                 1.1582,                 3.1673,                 1.1134,             0.00021997,             0.00021997,             0.00021997
                      2,                 1.1919,                 1.7466,                 1.1332,                0.68724,                0.79246,                0.85298,                0.55407,                 1.1137,                 1.5516,                 1.1353,             0.00035473,             0.00035473,             0.00035473
                      3,                 1.1067,                 1.4179,                 1.0969,                0.86149,                0.84922,                0.89231,                0.59526,                 1.0401,                 1.2922,                 1.0823,             0.00040144,             0.00040144,             0.00040144
                      4,                 1.0523,                 1.2269,                 1.0759,                0.89132,                0.88283,                0.92891,                0.65352,                0.94511,                 1.0582,                 1.0209,              0.0002708,              0.0002708,              0.0002708
                      5,                0.99048,                 1.0905,                 1.0389,                0.91615,                0.89635,                0.93351,                0.68424,                0.89745,                0.96415,                 1.0038,             0.00013874,             0.00013874,             0.00013874
